session_date,rat_name,recording_id,sensor,duration_min,is_processed,has_Cells,has_Trials,sorted_using,sorted_path,n_units,n_units_each_area,probe_sn,Cells_path,Trials_path
16-May-19,K265,K265_2019_05_16_600s,Neuropixels,10,0,0,0,Kilosort2,X:\RATTER\PhysData\NP_sorted\Chuck\K265\K265_2019_05_16_600s\spikesort_2020_03_13_19_41_38_ks2jrc,1366,Str(1366),17131311562,X:\RATTER\PhysData\NP_sorted\Chuck\K265\K265_2019_05_16_600s\spikesort_2020_03_13_19_41_38_ks2jrc\K265_2019_05_16_600s_Cells.mat,
21-May-19,K265,K265_2019_05_21_600s,Neuropixels,10,0,0,0,Kilosort2,X:\RATTER\PhysData\NP_sorted\Chuck\K265\K265_2019_05_21_600s\spikesort_2020_03_13_19_55_32_ks2jrc,188,Str(188),17131311562,X:\RATTER\PhysData\NP_sorted\Chuck\K265\K265_2019_05_21_600s\spikesort_2020_03_13_19_55_32_ks2jrc\K265_2019_05_21_600s_Cells.mat,
24-May-19,K265,K265_2019_05_24_600s,Neuropixels,10,0,0,0,Kilosort2,X:\RATTER\PhysData\NP_sorted\Chuck\K265\K265_2019_05_24_600s\spikesort_2020_03_13_20_01_38_ks2jrc,202,Str(202),17131311562,X:\RATTER\PhysData\NP_sorted\Chuck\K265\K265_2019_05_24_600s\spikesort_2020_03_13_20_01_38_ks2jrc\K265_2019_05_24_600s_Cells.mat,
11-Jun-19,K265,K265_2019_06_11_600s,Neuropixels,10,0,0,0,Kilosort2,X:\RATTER\PhysData\NP_sorted\Chuck\K265\K265_2019_06_11_600s\spikesort_2020_03_13_20_04_19_ks2jrc,50,Str(50),17131311562,X:\RATTER\PhysData\NP_sorted\Chuck\K265\K265_2019_06_11_600s\spikesort_2020_03_13_20_04_19_ks2jrc\K265_2019_06_11_600s_Cells.mat,
8-Jul-19,K265,K265_2019_07_08,Neuropixels,11,0,0,0,Kilosort2,X:\RATTER\PhysData\NP_sorted\Chuck\K265\K265_2019_07_08\spikesort_2020_03_13_20_23_09_ks2jrc,39,Str(39),17131311562,X:\RATTER\PhysData\NP_sorted\Chuck\K265\K265_2019_07_08\spikesort_2020_03_13_20_23_09_ks2jrc\K265_2019_07_08_Cells.mat,
22-Feb-18,T170,T170_2018_02_22,Neuropixels,4,0,0,0,Kilosort2,X:\RATTER\PhysData\NP_sorted\Thomas\T170\T170_2018_02_22\spikesort_2020_03_13_20_32_00_ks2jrc,1307,En(212) Pir(69) Str(1026),619040823,X:\RATTER\PhysData\NP_sorted\Thomas\T170\T170_2018_02_22\spikesort_2020_03_13_20_32_00_ks2jrc\T170_2018_02_22_Cells.mat,
23-Feb-18,T170,T170_2018_02_23,Neuropixels,5,0,0,0,Kilosort2,X:\RATTER\PhysData\NP_sorted\Thomas\T170\T170_2018_02_23\spikesort_2020_03_13_22_05_26_ks2jrc,576,En(90) Pir(33) Str(453),619040823,X:\RATTER\PhysData\NP_sorted\Thomas\T170\T170_2018_02_23\spikesort_2020_03_13_22_05_26_ks2jrc\T170_2018_02_23_Cells.mat,
26-Feb-18,T170,T170_2018_02_26,Neuropixels,9,0,0,0,Kilosort2,X:\RATTER\PhysData\NP_sorted\Thomas\T170\T170_2018_02_26\spikesort_2020_03_13_22_17_36_ks2jrc,510,En(117) Pir(28) Str(365),619040823,X:\RATTER\PhysData\NP_sorted\Thomas\T170\T170_2018_02_26\spikesort_2020_03_13_22_17_36_ks2jrc\T170_2018_02_26_Cells.mat,
28-Feb-18,T170,T170_2018_02_28,Neuropixels,13,0,0,0,Kilosort2,X:\RATTER\PhysData\NP_sorted\Thomas\T170\T170_2018_02_28\spikesort_2020_03_13_22_25_39_ks2jrc,265,En(91) Pir(18) Str(156),619040823,X:\RATTER\PhysData\NP_sorted\Thomas\T170\T170_2018_02_28\spikesort_2020_03_13_22_25_39_ks2jrc\T170_2018_02_28_Cells.mat,
16-Mar-18,T170,T170_2018_03_16_600s,Neuropixels,10,0,0,0,Kilosort2,X:\RATTER\PhysData\NP_sorted\Thomas\T170\T170_2018_03_16_600s\spikesort_2020_03_13_22_33_31_ks2jrc,408,En(86) Pir(31) Str(291),619040823,X:\RATTER\PhysData\NP_sorted\Thomas\T170\T170_2018_03_16_600s\spikesort_2020_03_13_22_33_31_ks2jrc\T170_2018_03_16_600s_Cells.mat,
17-Apr-18,T170,T170_2018_04_17_600s,Neuropixels,10,0,0,0,Kilosort2,X:\RATTER\PhysData\NP_sorted\Thomas\T170\T170_2018_04_17_600s\spikesort_2020_03_13_22_36_02_ks2jrc,32,En(25) Str(7),619040823,X:\RATTER\PhysData\NP_sorted\Thomas\T170\T170_2018_04_17_600s\spikesort_2020_03_13_22_36_02_ks2jrc\T170_2018_04_17_600s_Cells.mat,
11-Sep-18,T170,T170_2018_09_11,Neuropixels,5,0,0,0,Kilosort2,X:\RATTER\PhysData\NP_sorted\Thomas\T170\T170_2018_09_11\spikesort_2020_03_14_09_30_03_ks2jrc,21,En(18) Str(3),619040823,X:\RATTER\PhysData\NP_sorted\Thomas\T170\T170_2018_09_11\spikesort_2020_03_14_09_30_03_ks2jrc\T170_2018_09_11_Cells.mat,
16-Mar-18,T173,T173_2018_03_16_bank1_600s,Neuropixels,10,0,0,0,Kilosort2,X:\RATTER\PhysData\NP_sorted\Thomas\T173\T173_2018_03_16_bank1_600s\spikesort_2020_03_14_09_43_26_ks2jrc,543,M2(380) Str(163),641252141,X:\RATTER\PhysData\NP_sorted\Thomas\T173\T173_2018_03_16_bank1_600s\spikesort_2020_03_14_09_43_26_ks2jrc\T173_2018_03_16_bank1_600s_Cells.mat,
19-Mar-18,T173,T173_2018_03_19_bank0_600s,Neuropixels,10,0,0,0,Kilosort2,X:\RATTER\PhysData\NP_sorted\Thomas\T173\T173_2018_03_19_bank0_600s\spikesort_2020_03_14_10_02_24_ks2jrc,812,En(184) Pir(31) Str(597),641252141,X:\RATTER\PhysData\NP_sorted\Thomas\T173\T173_2018_03_19_bank0_600s\spikesort_2020_03_14_10_02_24_ks2jrc\T173_2018_03_19_bank0_600s_Cells.mat,
11-Apr-18,T173,T173_2018_04_11_bank1_600s,Neuropixels,10,0,0,0,Kilosort2,X:\RATTER\PhysData\NP_sorted\Thomas\T173\T173_2018_04_11_bank1_600s\spikesort_2020_03_14_21_37_50_ks2jrc,382,M2(266) Str(116),641252141,X:\RATTER\PhysData\NP_sorted\Thomas\T173\T173_2018_04_11_bank1_600s\spikesort_2020_03_14_21_37_50_ks2jrc\T173_2018_04_11_bank1_600s_Cells.mat,
16-Apr-18,T173,T173_2018_04_16_bank0_600s,Neuropixels,10,0,0,0,Kilosort2,X:\RATTER\PhysData\NP_sorted\Thomas\T173\T173_2018_04_16_bank0_600s\spikesort_2020_03_14_21_57_32_ks2jrc,756,En(189) Pir(30) Str(537),641252141,X:\RATTER\PhysData\NP_sorted\Thomas\T173\T173_2018_04_16_bank0_600s\spikesort_2020_03_14_21_57_32_ks2jrc\T173_2018_04_16_bank0_600s_Cells.mat,
6-Apr-18,T176,T176_2018_04_06,Neuropixels,6,0,0,0,Kilosort2,X:\RATTER\PhysData\NP_sorted\Thomas\T176\T176_2018_04_06\spikesort_2020_03_14_22_11_17_ks2jrc,1107,Cg1(232) M2(200) MO(86) PrL(589),619040938,X:\RATTER\PhysData\NP_sorted\Thomas\T176\T176_2018_04_06\spikesort_2020_03_14_22_11_17_ks2jrc\T176_2018_04_06_Cells.mat,
11-Apr-18,T176,T176_2018_04_11,Neuropixels,3,0,0,0,Kilosort2,X:\RATTER\PhysData\NP_sorted\Thomas\T176\T176_2018_04_11\spikesort_2020_03_14_22_17_20_ks2jrc,690,Cg1(157) M2(119) MO(64) PrL(350),619040938,X:\RATTER\PhysData\NP_sorted\Thomas\T176\T176_2018_04_11\spikesort_2020_03_14_22_17_20_ks2jrc\T176_2018_04_11_Cells.mat,
20-Apr-18,T176,T176_2018_04_20_idle,Neuropixels,4,0,0,0,Kilosort2,X:\RATTER\PhysData\NP_sorted\Thomas\T176\T176_2018_04_20_idle\spikesort_2020_03_14_22_23_26_ks2jrc,476,Cg1(96) M2(43) MO(35) PrL(302),619040938,X:\RATTER\PhysData\NP_sorted\Thomas\T176\T176_2018_04_20_idle\spikesort_2020_03_14_22_23_26_ks2jrc\T176_2018_04_20_idle_Cells.mat,
23-Apr-18,T176,T176_2018_04_23_600s,Neuropixels,10,0,0,0,Kilosort2,X:\RATTER\PhysData\NP_sorted\Thomas\T176\T176_2018_04_23_600s\spikesort_2020_03_14_22_33_54_ks2jrc,405,Cg1(79) M2(33) MO(44) PrL(249),619040938,X:\RATTER\PhysData\NP_sorted\Thomas\T176\T176_2018_04_23_600s\spikesort_2020_03_14_22_33_54_ks2jrc\T176_2018_04_23_600s_Cells.mat,
1-May-18,T176,T176_2018_05_01_600s,Neuropixels,10,0,0,0,Kilosort2,X:\RATTER\PhysData\NP_sorted\Thomas\T176\T176_2018_05_01_600s\spikesort_2020_03_14_22_44_09_ks2jrc,396,Cg1(89) M2(5) MO(38) PrL(264),619040938,X:\RATTER\PhysData\NP_sorted\Thomas\T176\T176_2018_05_01_600s\spikesort_2020_03_14_22_44_09_ks2jrc\T176_2018_05_01_600s_Cells.mat,
2-May-18,T176,T176_2018_05_02_600s,Neuropixels,10,0,0,0,Kilosort2,X:\RATTER\PhysData\NP_sorted\Thomas\T176\T176_2018_05_02_600s\spikesort_2020_03_14_22_58_01_ks2jrc,580,Cg1(105) M2(112) MO(48) PrL(315),619040938,X:\RATTER\PhysData\NP_sorted\Thomas\T176\T176_2018_05_02_600s\spikesort_2020_03_14_22_58_01_ks2jrc\T176_2018_05_02_600s_Cells.mat,
7-May-18,T176,T176_2018_05_07_600s,Neuropixels,10,0,0,0,Kilosort2,X:\RATTER\PhysData\NP_sorted\Thomas\T176\T176_2018_05_07_600s\spikesort_2020_03_14_23_11_32_ks2jrc,561,Cg1(110) M2(88) MO(51) PrL(312),619040938,X:\RATTER\PhysData\NP_sorted\Thomas\T176\T176_2018_05_07_600s\spikesort_2020_03_14_23_11_32_ks2jrc\T176_2018_05_07_600s_Cells.mat,
6-Jun-18,T176,T176_2018_06_06_600s,Neuropixels,10,0,0,0,Kilosort2,X:\RATTER\PhysData\NP_sorted\Thomas\T176\T176_2018_06_06_600s\spikesort_2020_03_14_23_25_50_ks2jrc,572,Cg1(126) M2(78) MO(60) PrL(308),619040938,X:\RATTER\PhysData\NP_sorted\Thomas\T176\T176_2018_06_06_600s\spikesort_2020_03_14_23_25_50_ks2jrc\T176_2018_06_06_600s_Cells.mat,
19-Jun-18,T176,T176_2018_06_19_600s,Neuropixels,10,0,0,0,Kilosort2,X:\RATTER\PhysData\NP_sorted\Thomas\T176\T176_2018_06_19_600s\spikesort_2020_03_14_23_40_20_ks2jrc,574,Cg1(130) M2(72) MO(53) PrL(319),619040938,X:\RATTER\PhysData\NP_sorted\Thomas\T176\T176_2018_06_19_600s\spikesort_2020_03_14_23_40_20_ks2jrc\T176_2018_06_19_600s_Cells.mat,
23-Jan-19,T179,T179_2019_01_23_bank0_600s,Neuropixels,10,0,0,0,Kilosort2,X:\RATTER\PhysData\NP_sorted\Thomas\T179\T179_2019_01_23_bank0_600s\spikesort_2020_03_13_16_41_14_ks2jrc,168,ECIC(135) MiTG(14) Post(19),17131311342,X:\RATTER\PhysData\NP_sorted\Thomas\T179\T179_2019_01_23_bank0_600s\spikesort_2020_03_13_16_41_14_ks2jrc\T179_2019_01_23_bank0_600s_Cells.mat,
21-Mar-19,T179,T179_2019_03_21_600s,Neuropixels,10,0,0,0,Kilosort2,X:\RATTER\PhysData\NP_sorted\Thomas\T179\T179_2019_03_21_600s\spikesort_2020_03_13_16_52_49_ks2jrc,11,ECIC(8) Post(3),17131311342,X:\RATTER\PhysData\NP_sorted\Thomas\T179\T179_2019_03_21_600s\spikesort_2020_03_13_16_52_49_ks2jrc\T179_2019_03_21_600s_Cells.mat,
24-May-18,T181,T181_2018_05_24_idle_bank0,Neuropixels,15,0,0,0,Kilosort2,X:\RATTER\PhysData\NP_sorted\Thomas\T181\T181_2018_05_24_idle_bank0\spikesort_2020_03_12_20_05_34_ks2jrc,452,En(104) Pir(30) Str(318),17131306102,X:\RATTER\PhysData\NP_sorted\Thomas\T181\T181_2018_05_24_idle_bank0\spikesort_2020_03_12_20_05_34_ks2jrc\T181_2018_05_24_idle_bank0_Cells.mat,
24-May-18,T181,T181_2018_05_24_idle_bank1,Neuropixels,17,0,0,0,Kilosort2,X:\RATTER\PhysData\NP_sorted\Thomas\T181\T181_2018_05_24_idle_bank1\spikesort_2020_03_12_20_15_28_ks2jrc,476,En(109) Pir(23) Str(344),17131306102,X:\RATTER\PhysData\NP_sorted\Thomas\T181\T181_2018_05_24_idle_bank1\spikesort_2020_03_12_20_15_28_ks2jrc\T181_2018_05_24_idle_bank1_Cells.mat,
25-May-18,T181,T181_2018_05_25_idle_bank0,Neuropixels,14,0,0,0,Kilosort2,X:\RATTER\PhysData\NP_sorted\Thomas\T181\T181_2018_05_25_idle_bank0\spikesort_2020_03_12_20_28_36_ks2jrc,651,En(99) Pir(25) Str(527),17131306102,X:\RATTER\PhysData\NP_sorted\Thomas\T181\T181_2018_05_25_idle_bank0\spikesort_2020_03_12_20_28_36_ks2jrc\T181_2018_05_25_idle_bank0_Cells.mat,
25-May-18,T181,T181_2018_05_25_idle_bank1,Neuropixels,17,0,0,0,Kilosort2,X:\RATTER\PhysData\NP_sorted\Thomas\T181\T181_2018_05_25_idle_bank1\spikesort_2020_03_12_20_42_15_ks2jrc,507,M2(380) Str(127),17131306102,X:\RATTER\PhysData\NP_sorted\Thomas\T181\T181_2018_05_25_idle_bank1\spikesort_2020_03_12_20_42_15_ks2jrc\T181_2018_05_25_idle_bank1_Cells.mat,
26-May-18,T181,T181_2018_05_26_idle_bank0,Neuropixels,17,0,0,0,Kilosort2,X:\RATTER\PhysData\NP_sorted\Thomas\T181\T181_2018_05_26_idle_bank0\spikesort_2020_03_12_20_55_53_ks2jrc,525,En(69) Pir(18) Str(438),17131306102,X:\RATTER\PhysData\NP_sorted\Thomas\T181\T181_2018_05_26_idle_bank0\spikesort_2020_03_12_20_55_53_ks2jrc\T181_2018_05_26_idle_bank0_Cells.mat,
26-May-18,T181,T181_2018_05_26_idle_bank1,Neuropixels,23,0,0,0,Kilosort2,X:\RATTER\PhysData\NP_sorted\Thomas\T181\T181_2018_05_26_idle_bank1\spikesort_2020_03_12_21_10_37_ks2jrc,650,M2(550) Str(100),17131306102,X:\RATTER\PhysData\NP_sorted\Thomas\T181\T181_2018_05_26_idle_bank1\spikesort_2020_03_12_21_10_37_ks2jrc\T181_2018_05_26_idle_bank1_Cells.mat,
31-May-18,T181,T181_2018_05_31_idle_bank0,Neuropixels,17,0,0,0,Kilosort2,X:\RATTER\PhysData\NP_sorted\Thomas\T181\T181_2018_05_31_idle_bank0\spikesort_2020_03_12_21_24_20_ks2jrc,587,En(61) Pir(10) Str(516),17131306102,X:\RATTER\PhysData\NP_sorted\Thomas\T181\T181_2018_05_31_idle_bank0\spikesort_2020_03_12_21_24_20_ks2jrc\T181_2018_05_31_idle_bank0_Cells.mat,
31-May-18,T181,T181_2018_05_31_idle_bank1,Neuropixels,20,0,0,0,Kilosort2,X:\RATTER\PhysData\NP_sorted\Thomas\T181\T181_2018_05_31_idle_bank1\spikesort_2020_03_12_21_33_46_ks2jrc,268,M2(64) Str(204),17131306102,X:\RATTER\PhysData\NP_sorted\Thomas\T181\T181_2018_05_31_idle_bank1\spikesort_2020_03_12_21_33_46_ks2jrc\T181_2018_05_31_idle_bank1_Cells.mat,
8-Jun-18,T181,T181_2018_06_08_idle_bank0,Neuropixels,16,0,0,0,Kilosort2,X:\RATTER\PhysData\NP_sorted\Thomas\T181\T181_2018_06_08_idle_bank0\spikesort_2020_03_12_21_44_41_ks2jrc,496,En(73) Pir(7) Str(416),17131306102,X:\RATTER\PhysData\NP_sorted\Thomas\T181\T181_2018_06_08_idle_bank0\spikesort_2020_03_12_21_44_41_ks2jrc\T181_2018_06_08_idle_bank0_Cells.mat,
8-Jun-18,T181,T181_2018_06_08_idle_bank1,Neuropixels,19,0,0,0,Kilosort2,X:\RATTER\PhysData\NP_sorted\Thomas\T181\T181_2018_06_08_idle_bank1\spikesort_2020_03_12_21_53_27_ks2jrc,273,M2(74) Str(199),17131306102,X:\RATTER\PhysData\NP_sorted\Thomas\T181\T181_2018_06_08_idle_bank1\spikesort_2020_03_12_21_53_27_ks2jrc\T181_2018_06_08_idle_bank1_Cells.mat,
15-Jun-18,T181,T181_2018_06_15_idle_bank0,Neuropixels,16,0,0,0,Kilosort2,X:\RATTER\PhysData\NP_sorted\Thomas\T181\T181_2018_06_15_idle_bank0\spikesort_2020_03_12_22_05_01_ks2jrc,573,En(89) Pir(19) Str(465),17131306102,X:\RATTER\PhysData\NP_sorted\Thomas\T181\T181_2018_06_15_idle_bank0\spikesort_2020_03_12_22_05_01_ks2jrc\T181_2018_06_15_idle_bank0_Cells.mat,
15-Jun-18,T181,T181_2018_06_15_idle_bank1,Neuropixels,16,0,0,0,Kilosort2,X:\RATTER\PhysData\NP_sorted\Thomas\T181\T181_2018_06_15_idle_bank1\spikesort_2020_03_12_22_12_05_ks2jrc,222,M2(73) Str(149),17131306102,X:\RATTER\PhysData\NP_sorted\Thomas\T181\T181_2018_06_15_idle_bank1\spikesort_2020_03_12_22_12_05_ks2jrc\T181_2018_06_15_idle_bank1_Cells.mat,
19-Jun-18,T181,T181_2018_06_19_idle_bank0,Neuropixels,17,0,0,0,Kilosort2,X:\RATTER\PhysData\NP_sorted\Thomas\T181\T181_2018_06_19_idle_bank0\spikesort_2020_03_12_22_23_07_ks2jrc,503,En(72) Pir(19) Str(412),17131306102,X:\RATTER\PhysData\NP_sorted\Thomas\T181\T181_2018_06_19_idle_bank0\spikesort_2020_03_12_22_23_07_ks2jrc\T181_2018_06_19_idle_bank0_Cells.mat,
19-Jun-18,T181,T181_2018_06_19_idle_bank1,Neuropixels,16,0,0,0,Kilosort2,X:\RATTER\PhysData\NP_sorted\Thomas\T181\T181_2018_06_19_idle_bank1\spikesort_2020_03_12_22_30_59_ks2jrc,267,M2(61) Str(206),17131306102,X:\RATTER\PhysData\NP_sorted\Thomas\T181\T181_2018_06_19_idle_bank1\spikesort_2020_03_12_22_30_59_ks2jrc\T181_2018_06_19_idle_bank1_Cells.mat,
3-Jul-18,T181,T181_2018_07_03_bank0_600s,Neuropixels,10,0,0,0,Kilosort2,X:\RATTER\PhysData\NP_sorted\Thomas\T181\T181_2018_07_03_bank0_600s\spikesort_2020_03_12_19_43_56_ks2jrc,550,En(73) Pir(24) Str(453),17131306102,X:\RATTER\PhysData\NP_sorted\Thomas\T181\T181_2018_07_03_bank0_600s\spikesort_2020_03_12_19_43_56_ks2jrc\T181_2018_07_03_bank0_600s_Cells.mat,
4-Jul-18,T181,T181_2018_07_04_bank1_600s,Neuropixels,10,0,0,0,Kilosort2,X:\RATTER\PhysData\NP_sorted\Thomas\T181\T181_2018_07_04_bank1_600s\spikesort_2020_03_12_19_53_32_ks2jrc,355,M2(120) Str(235),17131306102,X:\RATTER\PhysData\NP_sorted\Thomas\T181\T181_2018_07_04_bank1_600s\spikesort_2020_03_12_19_53_32_ks2jrc\T181_2018_07_04_bank1_600s_Cells.mat,
2-Aug-18,T181,T181_2018_08_02_bank0_600s,Neuropixels,10,0,0,0,Kilosort2,X:\RATTER\PhysData\NP_sorted\Thomas\T181\T181_2018_08_02_bank0_600s\spikesort_2020_03_14_23_53_33_ks2jrc,722,En(117) Pir(38) Str(567),17131306102,X:\RATTER\PhysData\NP_sorted\Thomas\T181\T181_2018_08_02_bank0_600s\spikesort_2020_03_14_23_53_33_ks2jrc\T181_2018_08_02_bank0_600s_Cells.mat,
3-Aug-18,T181,T181_2018_08_03_bank1_600s,Neuropixels,10,0,0,0,Kilosort2,X:\RATTER\PhysData\NP_sorted\Thomas\T181\T181_2018_08_03_bank1_600s\spikesort_2020_03_13_10_07_57_ks2jrc,286,M2(63) Str(223),17131306102,X:\RATTER\PhysData\NP_sorted\Thomas\T181\T181_2018_08_03_bank1_600s\spikesort_2020_03_13_10_07_57_ks2jrc\T181_2018_08_03_bank1_600s_Cells.mat,
1-Sep-18,T181,T181_2018_09_01_bank0_600s,Neuropixels,10,0,0,0,Kilosort2,X:\RATTER\PhysData\NP_sorted\Thomas\T181\T181_2018_09_01_bank0_600s\spikesort_2020_03_13_10_18_32_ks2jrc,561,En(106) Pir(24) Str(431),17131306102,X:\RATTER\PhysData\NP_sorted\Thomas\T181\T181_2018_09_01_bank0_600s\spikesort_2020_03_13_10_18_32_ks2jrc\T181_2018_09_01_bank0_600s_Cells.mat,
2-Sep-18,T181,T181_2018_09_02_bank1_600s,Neuropixels,10,0,0,0,Kilosort2,X:\RATTER\PhysData\NP_sorted\Thomas\T181\T181_2018_09_02_bank1_600s\spikesort_2020_03_13_10_25_01_ks2jrc,176,M2(20) Str(156),17131306102,X:\RATTER\PhysData\NP_sorted\Thomas\T181\T181_2018_09_02_bank1_600s\spikesort_2020_03_13_10_25_01_ks2jrc\T181_2018_09_02_bank1_600s_Cells.mat,
1-Oct-18,T181,T181_2018_10_01_bank1_600s,Neuropixels,10,0,0,0,Kilosort2,X:\RATTER\PhysData\NP_sorted\Thomas\T181\T181_2018_10_01_bank1_600s\spikesort_2020_03_13_14_01_07_ks2jrc,323,M2(67) Str(256),17131306102,X:\RATTER\PhysData\NP_sorted\Thomas\T181\T181_2018_10_01_bank1_600s\spikesort_2020_03_13_14_01_07_ks2jrc\T181_2018_10_01_bank1_600s_Cells.mat,
2-Oct-18,T181,T181_2018_10_02_bank0_600s,Neuropixels,10,0,0,0,Kilosort2,X:\RATTER\PhysData\NP_sorted\Thomas\T181\T181_2018_10_02_bank0_600s\spikesort_2020_03_13_14_13_49_ks2jrc,763,En(134) Pir(25) Str(604),17131306102,X:\RATTER\PhysData\NP_sorted\Thomas\T181\T181_2018_10_02_bank0_600s\spikesort_2020_03_13_14_13_49_ks2jrc\T181_2018_10_02_bank0_600s_Cells.mat,
11-Nov-19,T181,T181_2019_11_11_bank0,Neuropixels,10,0,0,0,Kilosort2,X:\RATTER\PhysData\NP_sorted\Thomas\T181\T181_2019_11_11_bank0\spikesort_2020_03_13_14_22_30_ks2jrc,328,En(90) Pir(29) Str(209),17131306102,X:\RATTER\PhysData\NP_sorted\Thomas\T181\T181_2019_11_11_bank0\spikesort_2020_03_13_14_22_30_ks2jrc\T181_2019_11_11_bank0_Cells.mat,
11-Nov-19,T181,T181_2019_11_11_bank1,Neuropixels,10,0,0,0,Kilosort2,X:\RATTER\PhysData\NP_sorted\Thomas\T181\T181_2019_11_11_bank1\spikesort_2020_03_13_14_26_37_ks2jrc,115,M2(7) Str(108),17131306102,X:\RATTER\PhysData\NP_sorted\Thomas\T181\T181_2019_11_11_bank1\spikesort_2020_03_13_14_26_37_ks2jrc\T181_2019_11_11_bank1_Cells.mat,
30-May-18,T182,T182_2018_05_30_idle_bank0,Neuropixels,20,0,0,0,Kilosort2,X:\RATTER\PhysData\NP_sorted\Thomas\T182\T182_2018_05_30_idle_bank0\spikesort_2020_03_12_19_32_22_ks2jrc,551,En(169) Pir(24) Str(358),17131311881,X:\RATTER\PhysData\NP_sorted\Thomas\T182\T182_2018_05_30_idle_bank0\spikesort_2020_03_12_19_32_22_ks2jrc\T182_2018_05_30_idle_bank0_Cells.mat,
30-May-18,T182,T182_2018_05_30_idle_bank1,Neuropixels,18,0,0,0,Kilosort2,X:\RATTER\PhysData\NP_sorted\Thomas\T182\T182_2018_05_30_idle_bank1\spikesort_2020_03_12_16_37_58_ks2jrc,622,M2(517) Str(105),17131311881,X:\RATTER\PhysData\NP_sorted\Thomas\T182\T182_2018_05_30_idle_bank1\spikesort_2020_03_12_16_37_58_ks2jrc\T182_2018_05_30_idle_bank1_Cells.mat,
31-May-18,T182,T182_2018_05_31_idle_bank0,Neuropixels,16,0,0,0,Kilosort2,X:\RATTER\PhysData\NP_sorted\Thomas\T182\T182_2018_05_31_idle_bank0\spikesort_2020_03_12_16_51_03_ks2jrc,636,En(107) Pir(19) Str(510),17131311881,X:\RATTER\PhysData\NP_sorted\Thomas\T182\T182_2018_05_31_idle_bank0\spikesort_2020_03_12_16_51_03_ks2jrc\T182_2018_05_31_idle_bank0_Cells.mat,
31-May-18,T182,T182_2018_05_31_idle_bank1,Neuropixels,21,0,0,0,Kilosort2,X:\RATTER\PhysData\NP_sorted\Thomas\T182\T182_2018_05_31_idle_bank1\spikesort_2020_03_12_17_13_19_ks2jrc,822,M2(664) Str(158),17131311881,X:\RATTER\PhysData\NP_sorted\Thomas\T182\T182_2018_05_31_idle_bank1\spikesort_2020_03_12_17_13_19_ks2jrc\T182_2018_05_31_idle_bank1_Cells.mat,
1-Jun-18,T182,T182_2018_06_01_idle_bank0,Neuropixels,18,0,0,0,Kilosort2,X:\RATTER\PhysData\NP_sorted\Thomas\T182\T182_2018_06_01_idle_bank0\spikesort_2020_03_12_17_32_39_ks2jrc,660,En(81) Pir(13) Str(566),17131311881,X:\RATTER\PhysData\NP_sorted\Thomas\T182\T182_2018_06_01_idle_bank0\spikesort_2020_03_12_17_32_39_ks2jrc\T182_2018_06_01_idle_bank0_Cells.mat,
1-Jun-18,T182,T182_2018_06_01_idle_bank1,Neuropixels,20,0,0,0,Kilosort2,X:\RATTER\PhysData\NP_sorted\Thomas\T182\T182_2018_06_01_idle_bank1\spikesort_2020_03_12_17_47_08_ks2jrc,583,M2(348) Str(235),17131311881,X:\RATTER\PhysData\NP_sorted\Thomas\T182\T182_2018_06_01_idle_bank1\spikesort_2020_03_12_17_47_08_ks2jrc\T182_2018_06_01_idle_bank1_Cells.mat,
6-Jun-18,T182,T182_2018_06_06_idle_bank0,Neuropixels,22,0,0,0,Kilosort2,X:\RATTER\PhysData\NP_sorted\Thomas\T182\T182_2018_06_06_idle_bank0\spikesort_2020_03_12_17_59_06_ks2jrc,425,En(58) Pir(20) Str(347),17131311881,X:\RATTER\PhysData\NP_sorted\Thomas\T182\T182_2018_06_06_idle_bank0\spikesort_2020_03_12_17_59_06_ks2jrc\T182_2018_06_06_idle_bank0_Cells.mat,
6-Jun-18,T182,T182_2018_06_06_idle_bank1,Neuropixels,16,0,0,0,Kilosort2,X:\RATTER\PhysData\NP_sorted\Thomas\T182\T182_2018_06_06_idle_bank1\spikesort_2020_03_12_18_07_19_ks2jrc,254,M2(101) Str(153),17131311881,X:\RATTER\PhysData\NP_sorted\Thomas\T182\T182_2018_06_06_idle_bank1\spikesort_2020_03_12_18_07_19_ks2jrc\T182_2018_06_06_idle_bank1_Cells.mat,
13-Jun-18,T182,T182_2018_06_13_idle_bank0,Neuropixels,16,0,0,0,Kilosort2,X:\RATTER\PhysData\NP_sorted\Thomas\T182\T182_2018_06_13_idle_bank0\spikesort_2020_03_12_18_18_20_ks2jrc,423,En(69) Pir(15) Str(339),17131311881,X:\RATTER\PhysData\NP_sorted\Thomas\T182\T182_2018_06_13_idle_bank0\spikesort_2020_03_12_18_18_20_ks2jrc\T182_2018_06_13_idle_bank0_Cells.mat,
13-Jun-18,T182,T182_2018_06_13_idle_bank1,Neuropixels,16,0,0,0,Kilosort2,X:\RATTER\PhysData\NP_sorted\Thomas\T182\T182_2018_06_13_idle_bank1\spikesort_2020_03_12_18_27_32_ks2jrc,282,M2(113) Str(169),17131311881,X:\RATTER\PhysData\NP_sorted\Thomas\T182\T182_2018_06_13_idle_bank1\spikesort_2020_03_12_18_27_32_ks2jrc\T182_2018_06_13_idle_bank1_Cells.mat,
19-Jun-18,T182,T182_2018_06_19_idle_bank0,Neuropixels,16,0,0,0,Kilosort2,X:\RATTER\PhysData\NP_sorted\Thomas\T182\T182_2018_06_19_idle_bank0\spikesort_2020_03_12_18_59_19_ks2jrc,297,En(49) Pir(9) Str(239),17131311881,X:\RATTER\PhysData\NP_sorted\Thomas\T182\T182_2018_06_19_idle_bank0\spikesort_2020_03_12_18_59_19_ks2jrc\T182_2018_06_19_idle_bank0_Cells.mat,
19-Jun-18,T182,T182_2018_06_19_idle_bank1,Neuropixels,16,0,0,0,Kilosort2,X:\RATTER\PhysData\NP_sorted\Thomas\T182\T182_2018_06_19_idle_bank1\spikesort_2020_03_12_19_04_51_ks2jrc,143,M2(30) Str(113),17131311881,X:\RATTER\PhysData\NP_sorted\Thomas\T182\T182_2018_06_19_idle_bank1\spikesort_2020_03_12_19_04_51_ks2jrc\T182_2018_06_19_idle_bank1_Cells.mat,
27-Jun-18,T182,T182_2018_06_27_idle_bank0,Neuropixels,16,0,0,0,Kilosort2,X:\RATTER\PhysData\NP_sorted\Thomas\T182\T182_2018_06_27_idle_bank0\spikesort_2020_03_12_19_14_28_ks2jrc,445,En(89) Pir(14) Str(342),17131311881,X:\RATTER\PhysData\NP_sorted\Thomas\T182\T182_2018_06_27_idle_bank0\spikesort_2020_03_12_19_14_28_ks2jrc\T182_2018_06_27_idle_bank0_Cells.mat,
27-Jun-18,T182,T182_2018_06_27_idle_bank1,Neuropixels,17,0,0,0,Kilosort2,X:\RATTER\PhysData\NP_sorted\Thomas\T182\T182_2018_06_27_idle_bank1\spikesort_2020_03_12_19_21_17_ks2jrc,185,M2(65) Str(120),17131311881,X:\RATTER\PhysData\NP_sorted\Thomas\T182\T182_2018_06_27_idle_bank1\spikesort_2020_03_12_19_21_17_ks2jrc\T182_2018_06_27_idle_bank1_Cells.mat,
16-Jul-18,T182,T182_2018_07_16_bank0_600s,Neuropixels,10,0,0,0,Kilosort2,X:\RATTER\PhysData\NP_sorted\Thomas\T182\T182_2018_07_16_bank0_600s\spikesort_2020_03_13_12_18_51_ks2jrc,170,En(51) Pir(8) Str(111),17131311881,X:\RATTER\PhysData\NP_sorted\Thomas\T182\T182_2018_07_16_bank0_600s\spikesort_2020_03_13_12_18_51_ks2jrc\T182_2018_07_16_bank0_600s_Cells.mat,
10-Aug-18,T182,T182_2018_08_10_bank0_600s,Neuropixels,10,0,0,0,Kilosort2,X:\RATTER\PhysData\NP_sorted\Thomas\T182\T182_2018_08_10_bank0_600s\spikesort_2020_03_13_12_26_37_ks2jrc,251,En(57) Pir(11) Str(183),17131311881,X:\RATTER\PhysData\NP_sorted\Thomas\T182\T182_2018_08_10_bank0_600s\spikesort_2020_03_13_12_26_37_ks2jrc\T182_2018_08_10_bank0_600s_Cells.mat,
13-Aug-18,T182,T182_2018_08_13_bank1_600s,Neuropixels,10,0,0,0,Kilosort2,X:\RATTER\PhysData\NP_sorted\Thomas\T182\T182_2018_08_13_bank1_600s\spikesort_2020_03_13_12_33_51_ks2jrc,207,M2(101) Str(106),17131311881,X:\RATTER\PhysData\NP_sorted\Thomas\T182\T182_2018_08_13_bank1_600s\spikesort_2020_03_13_12_33_51_ks2jrc\T182_2018_08_13_bank1_600s_Cells.mat,
29-Aug-18,T182,T182_2018_08_29_bank0,Neuropixels,16,0,0,0,Kilosort2,X:\RATTER\PhysData\NP_sorted\Thomas\T182\T182_2018_08_29_bank0\spikesort_2020_03_13_12_39_40_ks2jrc,223,En(67) Pir(12) Str(144),17131311881,X:\RATTER\PhysData\NP_sorted\Thomas\T182\T182_2018_08_29_bank0\spikesort_2020_03_13_12_39_40_ks2jrc\T182_2018_08_29_bank0_Cells.mat,
29-Aug-18,T182,T182_2018_08_29_bank1,Neuropixels,24,0,0,0,Kilosort2,X:\RATTER\PhysData\NP_sorted\Thomas\T182\T182_2018_08_29_bank1\spikesort_2020_03_13_12_43_10_ks2jrc,43,Str(43),17131311881,X:\RATTER\PhysData\NP_sorted\Thomas\T182\T182_2018_08_29_bank1\spikesort_2020_03_13_12_43_10_ks2jrc\T182_2018_08_29_bank1_Cells.mat,
26-Sep-18,T182,T182_2018_09_26_bank0,Neuropixels,16,0,0,0,Kilosort2,X:\RATTER\PhysData\NP_sorted\Thomas\T182\T182_2018_09_26_bank0\spikesort_2020_03_13_13_24_17_ks2jrc,356,En(65) Pir(4) Str(287),17131311881,X:\RATTER\PhysData\NP_sorted\Thomas\T182\T182_2018_09_26_bank0\spikesort_2020_03_13_13_24_17_ks2jrc\T182_2018_09_26_bank0_Cells.mat,
26-Sep-18,T182,T182_2018_09_26_bank1,Neuropixels,16,0,0,0,Kilosort2,X:\RATTER\PhysData\NP_sorted\Thomas\T182\T182_2018_09_26_bank1\spikesort_2020_03_13_13_29_18_ks2jrc,97,M2(5) Str(92),17131311881,X:\RATTER\PhysData\NP_sorted\Thomas\T182\T182_2018_09_26_bank1\spikesort_2020_03_13_13_29_18_ks2jrc\T182_2018_09_26_bank1_Cells.mat,
1-Oct-18,T182,T182_2018_10_01_bank0,Neuropixels,15,0,0,0,Kilosort2,X:\RATTER\PhysData\NP_sorted\Thomas\T182\T182_2018_10_01_bank0\spikesort_2020_03_13_13_35_47_ks2jrc,225,En(46) Pir(9) Str(170),17131311881,X:\RATTER\PhysData\NP_sorted\Thomas\T182\T182_2018_10_01_bank0\spikesort_2020_03_13_13_35_47_ks2jrc\T182_2018_10_01_bank0_Cells.mat,
1-Oct-18,T182,T182_2018_10_01_bank1,Neuropixels,15,0,0,0,Kilosort2,X:\RATTER\PhysData\NP_sorted\Thomas\T182\T182_2018_10_01_bank1\spikesort_2020_03_13_13_38_32_ks2jrc,53,Str(53),17131311881,X:\RATTER\PhysData\NP_sorted\Thomas\T182\T182_2018_10_01_bank1\spikesort_2020_03_13_13_38_32_ks2jrc\T182_2018_10_01_bank1_Cells.mat,
22-Apr-19,T196,T196_2019_04_22,Neuropixels,3,0,0,0,Kilosort2,X:\RATTER\PhysData\NP_sorted\Thomas\T196\T196_2019_04_22\spikesort_2020_03_15_12_37_38_ks2jrc,157,IC(97) dSC(34) iSC(8) sSC(18),17131312042,X:\RATTER\PhysData\NP_sorted\Thomas\T196\T196_2019_04_22\spikesort_2020_03_15_12_37_38_ks2jrc\T196_2019_04_22_Cells.mat,
24-Apr-19,T196,T196_2019_04_24_600s,Neuropixels,10,0,0,0,Kilosort2,X:\RATTER\PhysData\NP_sorted\Thomas\T196\T196_2019_04_24_600s\spikesort_2020_03_15_12_54_52_ks2jrc,147,IC(72) dSC(44) iSC(5) sSC(26),17131312042,X:\RATTER\PhysData\NP_sorted\Thomas\T196\T196_2019_04_24_600s\spikesort_2020_03_15_12_54_52_ks2jrc\T196_2019_04_24_600s_Cells.mat,
9-May-19,T196,T196_2019_05_09_600s,Neuropixels,10,0,0,0,Kilosort2,X:\RATTER\PhysData\NP_sorted\Thomas\T196\T196_2019_05_09_600s\spikesort_2020_03_15_12_57_44_ks2jrc,18,IC(15) dSC(2) sSC(1),17131312042,X:\RATTER\PhysData\NP_sorted\Thomas\T196\T196_2019_05_09_600s\spikesort_2020_03_15_12_57_44_ks2jrc\T196_2019_05_09_600s_Cells.mat,
7-May-19,T209,T209_2019_05_07,Neuropixels,2,0,0,0,Kilosort2,X:\RATTER\PhysData\NP_sorted\Thomas\T209\T209_2019_05_07\spikesort_2020_03_15_13_01_08_ks2jrc,442,SC(126) aIC(316),17131311352,X:\RATTER\PhysData\NP_sorted\Thomas\T209\T209_2019_05_07\spikesort_2020_03_15_13_01_08_ks2jrc\T209_2019_05_07_Cells.mat,
10-May-19,T209,T209_2019_05_10,Neuropixels,15,0,0,0,Kilosort2,X:\RATTER\PhysData\NP_sorted\Thomas\T209\T209_2019_05_10\spikesort_2020_03_15_13_08_05_ks2jrc,206,SC(73) aIC(133),17131311352,X:\RATTER\PhysData\NP_sorted\Thomas\T209\T209_2019_05_10\spikesort_2020_03_15_13_08_05_ks2jrc\T209_2019_05_10_Cells.mat,
22-May-19,T209,T209_2019_05_22_600s,Neuropixels,10,0,0,0,Kilosort2,X:\RATTER\PhysData\NP_sorted\Thomas\T209\T209_2019_05_22_600s\spikesort_2020_03_15_13_13_52_ks2jrc,22,SC(6) aIC(16),17131311352,X:\RATTER\PhysData\NP_sorted\Thomas\T209\T209_2019_05_22_600s\spikesort_2020_03_15_13_13_52_ks2jrc\T209_2019_05_22_600s_Cells.mat,
24-May-19,T209,T209_2019_05_24_600s,Neuropixels,10,0,0,0,Kilosort2,X:\RATTER\PhysData\NP_sorted\Thomas\T209\T209_2019_05_24_600s\spikesort_2020_03_15_13_16_21_ks2jrc,22,SC(11) aIC(11),17131311352,X:\RATTER\PhysData\NP_sorted\Thomas\T209\T209_2019_05_24_600s\spikesort_2020_03_15_13_16_21_ks2jrc\T209_2019_05_24_600s_Cells.mat,
14-Jun-19,T209,T209_2019_06_14_600s,Neuropixels,10,0,0,0,Kilosort2,X:\RATTER\PhysData\NP_sorted\Thomas\T209\T209_2019_06_14_600s\spikesort_2020_03_15_13_19_01_ks2jrc,23,SC(7) aIC(16),17131311352,X:\RATTER\PhysData\NP_sorted\Thomas\T209\T209_2019_06_14_600s\spikesort_2020_03_15_13_19_01_ks2jrc\T209_2019_06_14_600s_Cells.mat,
18-Jun-19,T209,T209_2019_06_18_600s,Neuropixels,10,0,0,0,Kilosort2,X:\RATTER\PhysData\NP_sorted\Thomas\T209\T209_2019_06_18_600s\spikesort_2020_03_15_13_21_04_ks2jrc,24,aIC(24),17131311352,X:\RATTER\PhysData\NP_sorted\Thomas\T209\T209_2019_06_18_600s\spikesort_2020_03_15_13_21_04_ks2jrc\T209_2019_06_18_600s_Cells.mat,
3-Aug-19,T212,T212_2019_08_03,Neuropixels,4,0,0,0,Kilosort2,X:\RATTER\PhysData\NP_sorted\Thomas\T212\T212_2019_08_03\spikesort_2020_03_15_13_28_01_ks2jrc,740,Cg1(162) M2(63) MO(22) PrL(493),17131312432,X:\RATTER\PhysData\NP_sorted\Thomas\T212\T212_2019_08_03\spikesort_2020_03_15_13_28_01_ks2jrc\T212_2019_08_03_Cells.mat,
4-Aug-19,T212,T212_2019_08_04,Neuropixels,12,0,0,0,Kilosort2,X:\RATTER\PhysData\NP_sorted\Thomas\T212\T212_2019_08_04\spikesort_2020_03_15_13_43_58_ks2jrc,648,Cg1(134) M2(77) MO(14) PrL(423),17131312432,X:\RATTER\PhysData\NP_sorted\Thomas\T212\T212_2019_08_04\spikesort_2020_03_15_13_43_58_ks2jrc\T212_2019_08_04_Cells.mat,
5-Aug-19,T212,T212_2019_08_05,Neuropixels,13,0,0,0,Kilosort2,X:\RATTER\PhysData\NP_sorted\Thomas\T212\T212_2019_08_05\spikesort_2020_03_15_13_55_01_ks2jrc,437,Cg1(100) M2(118) MO(2) PrL(217),17131312432,X:\RATTER\PhysData\NP_sorted\Thomas\T212\T212_2019_08_05\spikesort_2020_03_15_13_55_01_ks2jrc\T212_2019_08_05_Cells.mat,
7-Aug-19,T212,T212_2019_08_07,Neuropixels,11,0,0,0,Kilosort2,X:\RATTER\PhysData\NP_sorted\Thomas\T212\T212_2019_08_07\spikesort_2020_03_15_14_04_34_ks2jrc,489,Cg1(136) M2(107) MO(2) PrL(244),17131312432,X:\RATTER\PhysData\NP_sorted\Thomas\T212\T212_2019_08_07\spikesort_2020_03_15_14_04_34_ks2jrc\T212_2019_08_07_Cells.mat,
12-Aug-19,T212,T212_2019_08_12_600s,Neuropixels,10,0,0,0,Kilosort2,X:\RATTER\PhysData\NP_sorted\Thomas\T212\T212_2019_08_12_600s\spikesort_2020_03_15_14_17_42_ks2jrc,702,Cg1(204) M2(67) PrL(431),17131312432,X:\RATTER\PhysData\NP_sorted\Thomas\T212\T212_2019_08_12_600s\spikesort_2020_03_15_14_17_42_ks2jrc\T212_2019_08_12_600s_Cells.mat,
19-Aug-19,T212,T212_2019_08_19_600s,Neuropixels,10,0,0,0,Kilosort2,X:\RATTER\PhysData\NP_sorted\Thomas\T212\T212_2019_08_19_600s\spikesort_2020_03_15_14_47_02_ks2jrc,696,Cg1(171) M2(24) PrL(501),17131312432,X:\RATTER\PhysData\NP_sorted\Thomas\T212\T212_2019_08_19_600s\spikesort_2020_03_15_14_47_02_ks2jrc\T212_2019_08_19_600s_Cells.mat,
17-Nov-19,T219,T219_2019_11_17_bank0,Neuropixels,10,0,0,0,Kilosort2,X:\RATTER\PhysData\NP_sorted\Thomas\T219\T219_2019_11_17_bank0\spikesort_2020_03_15_15_42_58_ks2jrc,655,dStr(267) vStr(388),18194824092,X:\RATTER\PhysData\NP_sorted\Thomas\T219\T219_2019_11_17_bank0\spikesort_2020_03_15_15_42_58_ks2jrc\T219_2019_11_17_bank0_Cells.mat,
17-Nov-19,T219,T219_2019_11_17_bank1,Neuropixels,11,0,0,0,Kilosort2,X:\RATTER\PhysData\NP_sorted\Thomas\T219\T219_2019_11_17_bank1\spikesort_2020_03_15_15_56_37_ks2jrc,740,M1(408) dStr(332),18194824092,X:\RATTER\PhysData\NP_sorted\Thomas\T219\T219_2019_11_17_bank1\spikesort_2020_03_15_15_56_37_ks2jrc\T219_2019_11_17_bank1_Cells.mat,
18-Nov-19,T219,T219_2019_11_18_bank0,Neuropixels,12,0,0,0,Kilosort2,X:\RATTER\PhysData\NP_sorted\Thomas\T219\T219_2019_11_18_bank0\spikesort_2020_03_15_16_07_24_ks2jrc,425,dStr(164) vStr(261),18194824092,X:\RATTER\PhysData\NP_sorted\Thomas\T219\T219_2019_11_18_bank0\spikesort_2020_03_15_16_07_24_ks2jrc\T219_2019_11_18_bank0_Cells.mat,
18-Nov-19,T219,T219_2019_11_18_bank1,Neuropixels,11,0,0,0,Kilosort2,X:\RATTER\PhysData\NP_sorted\Thomas\T219\T219_2019_11_18_bank1\spikesort_2020_03_15_16_18_44_ks2jrc,546,M1(395) dStr(151),18194824092,X:\RATTER\PhysData\NP_sorted\Thomas\T219\T219_2019_11_18_bank1\spikesort_2020_03_15_16_18_44_ks2jrc\T219_2019_11_18_bank1_Cells.mat,
19-Nov-19,T219,T219_2019_11_19_bank0,Neuropixels,17,0,0,0,Kilosort2,X:\RATTER\PhysData\NP_sorted\Thomas\T219\T219_2019_11_19_bank0\spikesort_2020_03_15_16_27_01_ks2jrc,249,dStr(120) vStr(129),18194824092,X:\RATTER\PhysData\NP_sorted\Thomas\T219\T219_2019_11_19_bank0\spikesort_2020_03_15_16_27_01_ks2jrc\T219_2019_11_19_bank0_Cells.mat,
19-Nov-19,T219,T219_2019_11_19_bank1,Neuropixels,10,0,0,0,Kilosort2,X:\RATTER\PhysData\NP_sorted\Thomas\T219\T219_2019_11_19_bank1\spikesort_2020_03_15_16_35_42_ks2jrc,390,M1(249) dStr(141),18194824092,X:\RATTER\PhysData\NP_sorted\Thomas\T219\T219_2019_11_19_bank1\spikesort_2020_03_15_16_35_42_ks2jrc\T219_2019_11_19_bank1_Cells.mat,
22-Nov-19,T219,T219_2019_11_22_bank0,Neuropixels,10,0,0,0,Kilosort2,X:\RATTER\PhysData\NP_sorted\Thomas\T219\T219_2019_11_22_bank0\spikesort_2020_02_14_17_15_16_ks2jrc,384,dStr(176) vStr(208),18194824092,X:\RATTER\PhysData\NP_sorted\Thomas\T219\T219_2019_11_22_bank0\spikesort_2020_02_14_17_15_16_ks2jrc\T219_2019_11_22_bank0_Cells.mat,
22-Nov-19,T219,T219_2019_11_22_bank1,Neuropixels,11,0,0,0,Kilosort2,X:\RATTER\PhysData\NP_sorted\Thomas\T219\T219_2019_11_22_bank1\spikesort_2020_01_31_10_58_13_ks2jrc,336,M1(187) dStr(149),18194824092,X:\RATTER\PhysData\NP_sorted\Thomas\T219\T219_2019_11_22_bank1\spikesort_2020_01_31_10_58_13_ks2jrc\T219_2019_11_22_bank1_Cells.mat,
25-Nov-19,T219,T219_2019_11_25_bank0,Neuropixels,12,0,0,0,Kilosort2,X:\RATTER\PhysData\NP_sorted\Thomas\T219\T219_2019_11_25_bank0\spikesort_2020_01_31_11_14_54_ks2jrc,305,dStr(138) vStr(167),18194824092,X:\RATTER\PhysData\NP_sorted\Thomas\T219\T219_2019_11_25_bank0\spikesort_2020_01_31_11_14_54_ks2jrc\T219_2019_11_25_bank0_Cells.mat,
25-Nov-19,T219,T219_2019_11_25_bank1,Neuropixels,11,0,0,0,Kilosort2,X:\RATTER\PhysData\NP_sorted\Thomas\T219\T219_2019_11_25_bank1\spikesort_2020_01_31_11_28_12_ks2jrc,254,M1(107) dStr(147),18194824092,X:\RATTER\PhysData\NP_sorted\Thomas\T219\T219_2019_11_25_bank1\spikesort_2020_01_31_11_28_12_ks2jrc\T219_2019_11_25_bank1_Cells.mat,
3-Dec-19,T219,T219_2019_12_03_bank0,Neuropixels,10,0,0,0,Kilosort2,X:\RATTER\PhysData\NP_sorted\Thomas\T219\T219_2019_12_03_bank0\spikesort_2020_01_31_12_09_03_ks2jrc,244,dStr(106) vStr(138),18194824092,X:\RATTER\PhysData\NP_sorted\Thomas\T219\T219_2019_12_03_bank0\spikesort_2020_01_31_12_09_03_ks2jrc\T219_2019_12_03_bank0_Cells.mat,
3-Dec-19,T219,T219_2019_12_03_bank1,Neuropixels,10,0,0,0,Kilosort2,X:\RATTER\PhysData\NP_sorted\Thomas\T219\T219_2019_12_03_bank1\spikesort_2020_01_31_14_02_14_ks2jrc,196,M1(37) dStr(159),18194824092,X:\RATTER\PhysData\NP_sorted\Thomas\T219\T219_2019_12_03_bank1\spikesort_2020_01_31_14_02_14_ks2jrc\T219_2019_12_03_bank1_Cells.mat,
6-Jan-20,T219,T219_2020_01_06_idle_bank0,Neuropixels,11,0,0,0,Kilosort2,X:\RATTER\PhysData\NP_sorted\Thomas\T219\T219_2020_01_06_idle_bank0\spikesort_2020_01_31_14_16_30_ks2jrc,419,dStr(194) vStr(225),18194824092,X:\RATTER\PhysData\NP_sorted\Thomas\T219\T219_2020_01_06_idle_bank0\spikesort_2020_01_31_14_16_30_ks2jrc\T219_2020_01_06_idle_bank0_Cells.mat,
6-Jan-20,T219,T219_2020_01_06_idle_bank1,Neuropixels,11,0,0,0,Kilosort2,X:\RATTER\PhysData\NP_sorted\Thomas\T219\T219_2020_01_06_idle_bank1\spikesort_2020_01_31_14_32_37_ks2jrc,158,M1(33) dStr(125),18194824092,X:\RATTER\PhysData\NP_sorted\Thomas\T219\T219_2020_01_06_idle_bank1\spikesort_2020_01_31_14_32_37_ks2jrc\T219_2020_01_06_idle_bank1_Cells.mat,
27-Nov-19,T223,T223_2019_11_27_idle_bank0,Neuropixels,11,0,0,0,Kilosort2,X:\RATTER\PhysData\NP_sorted\Thomas\T223\T223_2019_11_27_idle_bank0\spikesort_2020_02_03_11_27_29_ks2jrc,648,dStr(288) vStr(360),19051017162,X:\RATTER\PhysData\NP_sorted\Thomas\T223\T223_2019_11_27_idle_bank0\spikesort_2020_02_03_11_27_29_ks2jrc\T223_2019_11_27_bank0_Cells.mat,
27-Nov-19,T223,T223_2019_11_27_idle_bank1,Neuropixels,10,0,0,0,Kilosort2,X:\RATTER\PhysData\NP_sorted\Thomas\T223\T223_2019_11_27_idle_bank1\spikesort_2020_02_03_14_19_06_ks2jrc,599,M1(436) dStr(163),19051017162,X:\RATTER\PhysData\NP_sorted\Thomas\T223\T223_2019_11_27_idle_bank1\spikesort_2020_02_03_14_19_06_ks2jrc\T223_2019_11_27_bank1_Cells.mat,
2-Dec-19,T223,T223_2019_12_02_idle_bank0,Neuropixels,12,0,0,0,Kilosort2,X:\RATTER\PhysData\NP_sorted\Thomas\T223\T223_2019_12_02_idle_bank0\spikesort_2020_02_03_14_30_22_ks2jrc,135,dStr(46) vStr(89),19051017162,X:\RATTER\PhysData\NP_sorted\Thomas\T223\T223_2019_12_02_idle_bank0\spikesort_2020_02_03_14_30_22_ks2jrc\T223_2019_12_02_bank0_Cells.mat,
2-Dec-19,T223,T223_2019_12_02_idle_bank1,Neuropixels,12,0,0,0,Kilosort2,X:\RATTER\PhysData\NP_sorted\Thomas\T223\T223_2019_12_02_idle_bank1\spikesort_2020_02_03_14_42_47_ks2jrc,229,M1(203) dStr(26),19051017162,X:\RATTER\PhysData\NP_sorted\Thomas\T223\T223_2019_12_02_idle_bank1\spikesort_2020_02_03_14_42_47_ks2jrc\T223_2019_12_02_bank1_Cells.mat,
5-Dec-19,T223,T223_2019_12_05_idle_bank0,Neuropixels,12,0,0,0,Kilosort2,X:\RATTER\PhysData\NP_sorted\Thomas\T223\T223_2019_12_05_idle_bank0\spikesort_2020_02_04_11_48_54_ks2jrc,90,dStr(38) vStr(52),19051017162,X:\RATTER\PhysData\NP_sorted\Thomas\T223\T223_2019_12_05_idle_bank0\spikesort_2020_02_04_11_48_54_ks2jrc\T223_2019_12_05_bank0_Cells.mat,
5-Dec-19,T223,T223_2019_12_05_idle_bank1,Neuropixels,12,0,0,0,Kilosort2,X:\RATTER\PhysData\NP_sorted\Thomas\T223\T223_2019_12_05_idle_bank1\spikesort_2020_02_04_12_27_51_ks2jrc,230,M1(198) dStr(32),19051017162,X:\RATTER\PhysData\NP_sorted\Thomas\T223\T223_2019_12_05_idle_bank1\spikesort_2020_02_04_12_27_51_ks2jrc\T223_2019_12_05_bank1_Cells.mat,
20-Dec-19,T223,T223_2019_12_20_idle_bank0,Neuropixels,10,0,0,0,Kilosort2,X:\RATTER\PhysData\NP_sorted\Thomas\T223\T223_2019_12_20_idle_bank0\spikesort_2020_02_04_14_13_05_ks2jrc,111,dStr(98) vStr(13),19051017162,X:\RATTER\PhysData\NP_sorted\Thomas\T223\T223_2019_12_20_idle_bank0\spikesort_2020_02_04_14_13_05_ks2jrc\T223_2019_12_20_idle_bank0_Cells.mat,
20-Dec-19,T223,T223_2019_12_20_idle_bank1,Neuropixels,11,0,0,0,Kilosort2,X:\RATTER\PhysData\NP_sorted\Thomas\T223\T223_2019_12_20_idle_bank1\spikesort_2020_02_04_14_30_09_ks2jrc,216,M1(157) dStr(59),19051017162,X:\RATTER\PhysData\NP_sorted\Thomas\T223\T223_2019_12_20_idle_bank1\spikesort_2020_02_04_14_30_09_ks2jrc\T223_2019_12_20_idle_bank1_Cells.mat,
14-Nov-19,T224,T224_2019_11_14,Neuropixels,11,0,0,0,Kilosort2,X:\RATTER\PhysData\NP_sorted\Thomas\T224\T224_2019_11_14\spikesort_2020_02_10_15_12_40_ks2jrc,833,Cg1(292) M2(163) PrL(378),17131312432,X:\RATTER\PhysData\NP_sorted\Thomas\T224\T224_2019_11_14\spikesort_2020_02_10_15_12_40_ks2jrc\T224_2019_11_14_Cells.mat,
15-Nov-19,T224,T224_2019_11_15_idle_bank0,Neuropixels,10,0,0,0,Kilosort2,X:\RATTER\PhysData\NP_sorted\Thomas\T224\T224_2019_11_15_idle_bank0\spikesort_2020_01_31_15_09_33_ks2jrc,643,Cg1(266) M2(102) PrL(275),17131312432,X:\RATTER\PhysData\NP_sorted\Thomas\T224\T224_2019_11_15_idle_bank0\spikesort_2020_01_31_15_09_33_ks2jrc\T224_2019_11_15_bank0_Cells.mat,
17-Nov-19,T224,T224_2019_11_17_idle_bank0,Neuropixels,10,0,0,0,Kilosort2,X:\RATTER\PhysData\NP_sorted\Thomas\T224\T224_2019_11_17_idle_bank0\spikesort_2020_01_31_15_24_01_ks2jrc,484,Cg1(185) M2(75) PrL(224),17131312432,X:\RATTER\PhysData\NP_sorted\Thomas\T224\T224_2019_11_17_idle_bank0\spikesort_2020_01_31_15_24_01_ks2jrc\T224_2019_11_17_bank0_Cells.mat,
22-Nov-19,T224,T224_2019_11_22_idle_bank0,Neuropixels,10,0,0,0,Kilosort2,X:\RATTER\PhysData\NP_sorted\Thomas\T224\T224_2019_11_22_idle_bank0\spikesort_2020_02_03_10_36_04_ks2jrc,473,Cg1(171) M2(4) PrL(298),17131312432,X:\RATTER\PhysData\NP_sorted\Thomas\T224\T224_2019_11_22_idle_bank0\spikesort_2020_02_03_10_36_04_ks2jrc\T224_2019_11_22_bank0_Cells.mat,
27-Nov-19,T224,T224_2019_11_27_600s,Neuropixels,10,0,0,0,Kilosort2,X:\RATTER\PhysData\NP_sorted\Thomas\T224\T224_2019_11_27_600s\spikesort_2020_03_15_16_50_16_ks2jrc,478,Cg1(136) M2(1) PrL(341),17131312432,X:\RATTER\PhysData\NP_sorted\Thomas\T224\T224_2019_11_27_600s\spikesort_2020_03_15_16_50_16_ks2jrc\T224_2019_11_27_600s_Cells.mat,
18-Dec-19,T224,T224_2019_12_18_idle_bank0,Neuropixels,10,0,0,0,Kilosort2,X:\RATTER\PhysData\NP_sorted\Thomas\T224\T224_2019_12_18_idle_bank0\spikesort_2020_02_03_10_48_04_ks2jrc,297,Cg1(77) PrL(220),17131312432,X:\RATTER\PhysData\NP_sorted\Thomas\T224\T224_2019_12_18_idle_bank0\spikesort_2020_02_03_10_48_04_ks2jrc\T224_2019_12_18_bank0_Cells.mat,
16-Jan-20,T224,T224_2020_01_16_600s,Neuropixels,10,0,0,0,Kilosort2,X:\RATTER\PhysData\NP_sorted\Thomas\T224\T224_2020_01_16_600s\spikesort_2020_03_15_16_55_14_ks2jrc,223,Cg1(12) PrL(211),17131312432,X:\RATTER\PhysData\NP_sorted\Thomas\T224\T224_2020_01_16_600s\spikesort_2020_03_15_16_55_14_ks2jrc\T224_2020_01_16_600s_Cells.mat,
3-Feb-20,T224,T224_2020_02_03_bank0_idle,Neuropixels,11,0,0,0,Kilosort2,X:\RATTER\PhysData\NP_sorted\Thomas\T224\T224_2020_02_03_bank0_idle\spikesort_2020_03_16_09_22_58_ks2jrc,206,Cg1(49) PrL(157),17131312432,X:\RATTER\PhysData\NP_sorted\Thomas\T224\T224_2020_02_03_bank0_idle\spikesort_2020_03_16_09_22_58_ks2jrc\T224_2020_02_03_bank0_idle_Cells.mat,
31-Jan-20,T227,T227_2020_01_31_bank0,Neuropixels,10,0,0,0,Kilosort2,X:\RATTER\PhysData\NP_sorted\Thomas\T227\T227_2020_01_31_bank0\spikesort_2020_02_02_13_58_58_ks2jrc,467,dStr(196) vStr(271),18194823381,X:\RATTER\PhysData\NP_sorted\Thomas\T227\T227_2020_01_31_bank0\spikesort_2020_02_02_13_58_58_ks2jrc\T227_2020_01_31_bank0_Cells.mat,
31-Jan-20,T227,T227_2020_01_31_bank1_idle,Neuropixels,10,0,0,0,Kilosort2,X:\RATTER\PhysData\NP_sorted\Thomas\T227\T227_2020_01_31_bank1_idle\spikesort_2020_02_03_09_08_07_ks2jrc,739,M1(462) dStr(277),18194823381,X:\RATTER\PhysData\NP_sorted\Thomas\T227\T227_2020_01_31_bank1_idle\spikesort_2020_02_03_09_08_07_ks2jrc\T227_2020_01_31_bank1_idle_Cells.mat,
14-Mar-20,T227,T227_2020_03_14_idle_bank0,Neuropixels,10,0,0,0,Kilosort2,X:\RATTER\PhysData\NP_sorted\Thomas\T227\T227_2020_03_14_idle_bank0\spikesort_2020_03_15_11_47_12_ks2jrc,823,dStr(317) vStr(506),18194819542,X:\RATTER\PhysData\NP_sorted\Thomas\T227\T227_2020_03_14_idle_bank0\spikesort_2020_03_15_11_47_12_ks2jrc\T227_2020_03_14_idle_bank0_Cells.mat,
14-Mar-20,T227,T227_2020_03_14_idle_bank1,Neuropixels,10,0,0,0,Kilosort2,X:\RATTER\PhysData\NP_sorted\Thomas\T227\T227_2020_03_14_idle_bank1\spikesort_2020_03_15_12_07_13_ks2jrc,923,M1(557) dStr(366),18194819542,X:\RATTER\PhysData\NP_sorted\Thomas\T227\T227_2020_03_14_idle_bank1\spikesort_2020_03_15_12_07_13_ks2jrc\T227_2020_03_14_idle_bank1_Cells.mat,
15-Mar-20,T227,T227_2020_03_15_idle_bank0,Neuropixels,10,0,0,0,Kilosort2,X:\RATTER\PhysData\NP_sorted\Thomas\T227\T227_2020_03_15_idle_bank0\spikesort_2020_03_17_12_55_08_ks2jrc,777,dStr(280) vStr(497),18194819542,X:\RATTER\PhysData\NP_sorted\Thomas\T227\T227_2020_03_15_idle_bank0\spikesort_2020_03_17_12_55_08_ks2jrc\T227_2020_03_15_idle_bank0_Cells.mat,
15-Mar-20,T227,T227_2020_03_15_idle_bank1,Neuropixels,10,0,0,0,Kilosort2,X:\RATTER\PhysData\NP_sorted\Thomas\T227\T227_2020_03_15_idle_bank1\spikesort_2020_03_17_13_09_29_ks2jrc,679,M1(397) dStr(282),18194819542,X:\RATTER\PhysData\NP_sorted\Thomas\T227\T227_2020_03_15_idle_bank1\spikesort_2020_03_17_13_09_29_ks2jrc\T227_2020_03_15_idle_bank1_Cells.mat,
6-Feb-20,T249,T249_2020_02_06,Neuropixels,12,0,0,0,Kilosort2,X:\RATTER\PhysData\NP_sorted\Thomas\T249\T249_2020_02_06\spikesort_2020_02_07_09_29_52_ks2jrc,956,Cg1(185) M2(188) MO(65) PrL(518),17131312432,X:\RATTER\PhysData\NP_sorted\Thomas\T249\T249_2020_02_06\spikesort_2020_02_07_09_29_52_ks2jrc\T249_2020_02_06_Cells.mat,
9-Feb-20,T249,T249_2020_02_09_bank0_idle,Neuropixels,10,0,0,0,Kilosort2,X:\RATTER\PhysData\NP_sorted\Thomas\T249\T249_2020_02_09_bank0_idle\spikesort_2020_02_17_09_54_16_ks2jrc,469,Cg1(89) M2(89) MO(12) PrL(279),17131312432,X:\RATTER\PhysData\NP_sorted\Thomas\T249\T249_2020_02_09_bank0_idle\spikesort_2020_02_17_09_54_16_ks2jrc\T249_2020_02_09_bank0_idle_Cells.mat,
10-Feb-20,T249,T249_2020_02_10_bank0_idle,Neuropixels,10,0,0,0,Kilosort2,X:\RATTER\PhysData\NP_sorted\Thomas\T249\T249_2020_02_10_bank0_idle\spikesort_2020_02_17_10_21_52_ks2jrc,457,Cg1(83) M2(88) MO(18) PrL(268),17131312432,X:\RATTER\PhysData\NP_sorted\Thomas\T249\T249_2020_02_10_bank0_idle\spikesort_2020_02_17_10_21_52_ks2jrc\T249_2020_02_10_bank0_idle_Cells.mat,
11-Feb-20,T249,T249_2020_02_11_600s,Neuropixels,10,0,0,0,Kilosort2,X:\RATTER\PhysData\NP_sorted\Thomas\T249\T249_2020_02_11_600s\spikesort_2020_02_17_11_58_48_ks2jrc,493,Cg1(86) M2(94) MO(27) PrL(286),17131312432,X:\RATTER\PhysData\NP_sorted\Thomas\T249\T249_2020_02_11_600s\spikesort_2020_02_17_11_58_48_ks2jrc\249_2020_02_11_g0_t0_600s_Cells.mat,
14-Feb-20,T249,T249_2020_02_14_600s,Neuropixels,10,0,0,0,Kilosort2,X:\RATTER\PhysData\NP_sorted\Thomas\T249\T249_2020_02_14_600s\spikesort_2020_02_14_13_54_07_ks2jrc,435,Cg1(103) M2(33) MO(17) PrL(282),17131312432,X:\RATTER\PhysData\NP_sorted\Thomas\T249\T249_2020_02_14_600s\spikesort_2020_02_14_13_54_07_ks2jrc\T249_2020_02_14_600s_Cells.mat,
16-Mar-20,T249,T249_2020_03_16_idle_bank0,Neuropixels,10,0,0,0,Kilosort2,X:\RATTER\PhysData\NP_sorted\Thomas\T249\T249_2020_03_16_idle_bank0\spikesort_2020_03_17_13_17_38_ks2jrc,280,Cg1(68) M2(1) MO(10) PrL(201),17131312432,X:\RATTER\PhysData\NP_sorted\Thomas\T249\T249_2020_03_16_idle_bank0\spikesort_2020_03_17_13_17_38_ks2jrc\T249_2020_03_16_idle_bank0_Cells.mat,
